zip,month,response_time
83,4.0,1.2
83,5.0,0.3
83,6.0,1.2
10000,1.0,26.1
10000,2.0,58.977777777777774
10000,3.0,116.64000000000001
10000,4.0,0.8085106382978728
10000,5.0,1.7483333333333324
10000,6.0,13.499999999999996
10000,7.0,86.08823529411767
10000,8.0,87.1263157894737
10000,9.0,44.60526315789474
10001,1.0,43.00580152671755
10001,2.0,50.80925684485003
10001,3.0,99.20074626865666
10001,4.0,147.0132996632998
10001,5.0,186.93936899862845
10001,6.0,137.98688711516579
10001,7.0,53.61633011413504
10001,8.0,85.89398963730568
10001,9.0,94.02283205268934
10002,1.0,39.990824915824845
10002,2.0,63.441416474210904
10002,3.0,74.3188932806325
10002,4.0,56.61886792452818
10002,5.0,100.10657174151191
10002,6.0,99.19210910862219
10002,7.0,107.77814371257486
10002,8.0,104.47168037602852
10002,9.0,85.89498591549321
10003,1.0,41.50225022502253
10003,2.0,61.288181818181805
10003,3.0,83.30373921380631
10003,4.0,102.47855603448286
10003,5.0,163.15866666666685
10003,6.0,193.95835641736016
10003,7.0,106.41634208298066
10003,8.0,116.37987117552336
10003,9.0,141.94364471669243
10004,1.0,20.694852941176492
10004,2.0,37.45914396887159
10004,3.0,140.6591666666667
10004,4.0,73.76329113924052
10004,5.0,141.9722222222223
10004,6.0,127.40056497175121
10004,7.0,71.46257668711662
10004,8.0,94.146835443038
10004,9.0,200.60460526315796
10005,1.0,13.541935483870976
10005,2.0,38.08709677419353
10005,3.0,68.83358778625953
10005,4.0,118.93370786516859
10005,5.0,235.60254237288123
10005,6.0,248.63181818181812
10005,7.0,114.3889763779528
10005,8.0,80.30656934306573
10005,9.0,106.64480000000007
10006,1.0,20.253571428571426
10006,2.0,33.66349206349204
10006,3.0,69.66530612244895
10006,4.0,212.82181818181823
10006,5.0,95.84411764705881
10006,6.0,148.03292682926838
10006,7.0,54.26796116504858
10006,8.0,178.61634615384614
10006,9.0,87.76883116883116
10007,1.0,18.095988538681944
10007,2.0,42.90981735159817
10007,3.0,80.1218487394958
10007,4.0,145.36379310344807
10007,5.0,186.71262626262612
10007,6.0,103.11062801932378
10007,7.0,95.75263157894733
10007,8.0,183.04687499999991
10007,9.0,183.99854368932046
10009,1.0,33.20663043478261
10009,2.0,64.05513733468968
10009,3.0,63.95766721044039
10009,4.0,43.05935653315815
10009,5.0,67.01497710922206
10009,6.0,98.92986501687342
10009,7.0,118.54731323722145
10009,8.0,78.223406789756
10009,9.0,105.553418803419
10010,1.0,47.43914081145582
10010,2.0,79.35509259259254
10010,3.0,77.74205457463894
10010,4.0,82.665096359743
10010,5.0,204.39423728813628
10010,6.0,96.51144781144752
10010,7.0,108.83192182410407
10010,8.0,108.58031746031752
10010,9.0,121.44880239520961
10011,1.0,40.770293398532935
10011,2.0,75.37578796561597
10011,3.0,90.28284313725483
10011,4.0,102.05240240240228
10011,5.0,143.68571428571482
10011,6.0,157.55350378787912
10011,7.0,153.93452138492913
10011,8.0,135.16078431372551
10011,9.0,101.55527039413398
10012,1.0,37.98890977443613
10012,2.0,56.087809187279156
10012,3.0,89.78450413223132
10012,4.0,114.23664921465961
10012,5.0,154.9675627240142
10012,6.0,153.9473684210531
10012,7.0,129.07976973684208
10012,8.0,145.0531120331953
10012,9.0,180.41721419185302
10013,1.0,43.607814992025524
10013,2.0,57.613804173354666
10013,3.0,102.55705521472399
10013,4.0,94.09730392156852
10013,5.0,85.88151260504196
10013,6.0,150.28990228013015
10013,7.0,100.77338308457735
10013,8.0,101.0538770053475
10013,9.0,90.09339080459758
10014,1.0,54.89017160686431
10014,2.0,62.92480499219972
10014,3.0,107.58213689482484
10014,4.0,117.02585751978873
10014,5.0,98.40919708029168
10014,6.0,138.8171179883955
10014,7.0,109.15428881650426
10014,8.0,145.5729142857144
10014,9.0,183.89309133489454
10016,1.0,36.52928286852588
10016,2.0,53.15304592314904
10016,3.0,69.8885813148788
10016,4.0,84.89724137931026
10016,5.0,173.3670777988617
10016,6.0,161.2734299516913
10016,7.0,111.81927592955023
10016,8.0,125.33299798792778
10016,9.0,182.6123612139159
10017,1.0,43.033855799373036
10017,2.0,58.27819314641746
10017,3.0,106.80498084291186
10017,4.0,238.01448763250892
10017,5.0,306.26371681415947
10017,6.0,180.13854166666658
10017,7.0,170.0453846153846
10017,8.0,164.00279503105588
10017,9.0,170.59053497942375
10018,1.0,41.41474358974361
10018,2.0,46.16605166051664
10018,3.0,125.19925093632949
10018,4.0,122.47688888888884
10018,5.0,345.4438162544169
10018,6.0,167.62234636871514
10018,7.0,73.04278481012665
10018,8.0,75.03138686131358
10018,9.0,87.37639155470241
10019,1.0,44.77970000000004
10019,2.0,61.69276595744688
10019,3.0,81.21093620546854
10019,4.0,133.8857506361326
10019,5.0,57.994145950280476
10019,6.0,176.59391233766297
10019,7.0,89.96650406504084
10019,8.0,84.44448612153062
10019,9.0,96.13380782918172
10020,1.0,41.18
10020,2.0,92.01851851851852
10020,3.0,35.17916666666667
10020,4.0,0.25
10020,5.0,271.8888888888889
10020,6.0,487.39411764705886
10020,7.0,54.550000000000004
10020,8.0,69.60000000000001
10020,9.0,11.681818181818182
10021,1.0,45.01079545454543
10021,2.0,94.39303135888507
10021,3.0,90.47922848664685
10021,4.0,117.87158176943714
10021,5.0,121.76250000000012
10021,6.0,178.79770867430483
10021,7.0,155.08291571753978
10021,8.0,145.17621359223293
10021,9.0,295.0047120418851
10022,1.0,39.59239332096473
10022,2.0,72.80623818525514
10022,3.0,92.61762208067921
10022,4.0,214.29509202453983
10022,5.0,184.63418467583494
10022,6.0,191.01140186915887
10022,7.0,124.11582150101415
10022,8.0,171.4514177693763
10022,9.0,147.2652582159623
10023,1.0,37.95966494845362
10023,2.0,64.1636098981076
10023,3.0,90.80286103542238
10023,4.0,108.15544388609703
10023,5.0,94.09774718397988
10023,6.0,122.7282194848825
10023,7.0,84.76767001114818
10023,8.0,91.78130841121488
10023,9.0,133.88490338164246
10024,1.0,42.05410628019318
10024,2.0,77.13719115734719
10024,3.0,96.14698795180726
10024,4.0,97.63244094488203
10024,5.0,86.9425029515938
10024,6.0,151.02348578491998
10024,7.0,136.45876726886289
10024,8.0,119.56692373607557
10024,9.0,83.58444444444451
10025,1.0,48.2140694568121
10025,2.0,79.89500924214416
10025,3.0,81.88858695652175
10025,4.0,90.85048465266583
10025,5.0,54.31490445859863
10025,6.0,157.50082455336724
10025,7.0,130.06111455108362
10025,8.0,146.94868017188503
10025,9.0,95.1986186186188
10026,1.0,32.29797297297299
10026,2.0,80.87518796992475
10026,3.0,79.79508196721308
10026,4.0,48.79703872437358
10026,5.0,41.88404726735606
10026,6.0,82.48065739570207
10026,7.0,90.83137866500326
10026,8.0,114.49155609167691
10026,9.0,67.38752969121145
10027,1.0,45.29008115419294
10027,2.0,61.16094619666039
10027,3.0,93.05719999999987
10027,4.0,49.8199354317999
10027,5.0,72.1258118701008
10027,6.0,97.34359673024561
10027,7.0,137.84320539419105
10027,8.0,146.78921706516647
10027,9.0,100.62653324725663
10028,1.0,46.015973741794326
10028,2.0,95.41871101871101
10028,3.0,100.65066079295146
10028,4.0,79.67896494156922
10028,5.0,41.91071849234389
10028,6.0,100.22154017857163
10028,7.0,106.17524630541888
10028,8.0,93.24498777506103
10028,9.0,174.9607792207795
10029,1.0,38.266536964980595
10029,2.0,70.14962335216572
10029,3.0,62.64532671629453
10029,4.0,52.159149277688655
10029,5.0,54.37667386609074
10029,6.0,84.84643080776556
10029,7.0,116.59631740464765
10029,8.0,91.99478794072606
10029,9.0,125.42340672074158
10030,1.0,54.0147566718995
10030,2.0,66.32026578073092
10030,3.0,89.23135048231511
10030,4.0,32.06954732510289
10030,5.0,66.13702171664951
10030,6.0,102.37774390243958
10030,7.0,218.6218595450046
10030,8.0,164.2127234490012
10030,9.0,183.12737361282365
10031,1.0,45.59279069767439
10031,2.0,78.37765957446813
10031,3.0,73.49986235375069
10031,4.0,35.841192052980176
10031,5.0,68.8014239218887
10031,6.0,107.14467120181048
10031,7.0,89.2246782956826
10031,8.0,103.2669753086424
10031,9.0,97.70000000000049
10032,1.0,36.2890357698289
10032,2.0,74.25947712418298
10032,3.0,66.13770965876243
10032,4.0,43.92505430847208
10032,5.0,60.620536462699434
10032,6.0,76.29966372425362
10032,7.0,73.91515768057053
10032,8.0,71.34419790104988
10032,9.0,169.7423625254578
10033,1.0,42.28310580204775
10033,2.0,78.36023131672594
10033,3.0,76.81811497326201
10033,4.0,52.2651724137931
10033,5.0,53.59645858343345
10033,6.0,134.98233016543324
10033,7.0,97.83146022952174
10033,8.0,75.97417661097938
10033,9.0,183.50451650260518
10034,1.0,35.181605113636294
10034,2.0,63.50414507772031
10034,3.0,88.50645431684829
10034,4.0,55.69945987654328
10034,5.0,31.250628366247703
10034,6.0,69.43328010948944
10034,7.0,54.64850605652875
10034,8.0,41.53602986932249
10034,9.0,91.59201101928409
10035,1.0,43.972350230414754
10035,2.0,76.349090909091
10035,3.0,83.15149051490506
10035,4.0,79.28518057285176
10035,5.0,96.90241448692164
10035,6.0,167.3606019151853
10035,7.0,156.75485845447608
10035,8.0,105.79115789473695
10035,9.0,111.88633938100332
10036,1.0,45.76861435726207
10036,2.0,82.11529636711279
10036,3.0,136.53652482269516
10036,4.0,191.1500967117988
10036,5.0,137.17185628742507
10036,6.0,155.15196335078588
10036,7.0,83.19020134228175
10036,8.0,132.33303909205543
10036,9.0,105.67562326869795
10037,1.0,56.056962025316444
10037,2.0,52.38821292775668
10037,3.0,71.3777292576419
10037,4.0,36.122332506203456
10037,5.0,31.07678018575849
10037,6.0,95.2945728643215
10037,7.0,153.7346867749421
10037,8.0,147.9545454545454
10037,9.0,76.25727636849133
10038,1.0,15.922797927461163
10038,2.0,33.88645276292334
10038,3.0,68.38699763593381
10038,4.0,81.95190615835766
10038,5.0,49.008103130755025
10038,6.0,117.6669456066943
10038,7.0,94.42565055762077
10038,8.0,85.71117021276591
10038,9.0,139.7434250764526
10039,1.0,42.34515539305304
10039,2.0,115.50151260504195
10039,3.0,88.74555712270812
10039,4.0,40.49506531204639
10039,5.0,60.36724941724951
10039,6.0,153.56151111111126
10039,7.0,138.68234567901223
10039,8.0,144.25826923076892
10039,9.0,116.64688601645106
10040,1.0,31.7442791762014
10040,2.0,56.18497854077251
10040,3.0,54.80097402597405
10040,4.0,34.3404741000878
10040,5.0,25.957469387755186
10040,6.0,68.70535285645762
10040,7.0,36.138089887640724
10040,8.0,50.02448897795671
10040,9.0,137.74936632468348
10041,1.0,0.9666666666666667
10041,2.0,0.0
10041,3.0,514.05
10041,4.0,0.1
10041,6.0,9.700000000000001
10041,7.0,116.8
10041,8.0,25.0
10041,9.0,11.02
10044,1.0,41.811764705882354
10044,2.0,36.114285714285714
10044,3.0,120.45384615384617
10044,4.0,26.704444444444444
10044,5.0,40.81142857142858
10044,6.0,174.59166666666667
10044,7.0,89.51111111111112
10044,8.0,118.16451612903224
10044,9.0,222.26999999999998
10045,1.0,35.9
10045,2.0,1.5
10045,3.0,288.0
10045,4.0,0.2
10045,5.0,1.0
10045,9.0,306.90000000000003
10048,8.0,0.2
10048,9.0,7.6
10055,3.0,166.8
10055,9.0,230.3
10065,1.0,43.621712538226326
10065,2.0,85.65294117647045
10065,3.0,89.42889610389602
10065,4.0,129.83821656050958
10065,5.0,119.68703170028813
10065,6.0,172.3293948126799
10065,7.0,91.77252124645888
10065,8.0,138.75123762376222
10065,9.0,139.33835616438327
10069,1.0,54.75999999999999
10069,2.0,109.5296296296296
10069,3.0,107.48999999999998
10069,4.0,40.81666666666667
10069,5.0,58.3125
10069,6.0,157.76666666666665
10069,7.0,77.80930232558138
10069,8.0,130.99999999999997
10069,9.0,63.973913043478255
10075,1.0,53.158189655172386
10075,2.0,133.8868852459016
10075,3.0,111.04637681159411
10075,4.0,88.56969696969698
10075,5.0,348.3257847533633
10075,6.0,183.82099447513804
10075,7.0,179.69481865284973
10075,8.0,178.80035460992912
10075,9.0,208.21501706484636
10103,1.0,0.7666666666666666
10103,2.0,28.52857142857143
10103,3.0,0.4
10103,4.0,1694.8
10103,5.0,0.0
10103,6.0,0.0
10103,8.0,31.799999999999997
10103,9.0,2.7125
10105,1.0,103.33333333333336
10105,3.0,44.5
10105,4.0,0.1
10105,5.0,2.075
10105,6.0,2159.3
10105,7.0,69.4
10105,8.0,0.7
10105,9.0,4.666666666666667
10106,2.0,1.3
10106,3.0,60.28333333333334
10106,4.0,0.6
10107,3.0,18.684090909090912
10107,5.0,21.4
10107,8.0,2.9
10110,1.0,12.7
10110,2.0,90.1
10110,4.0,1243.1
10110,7.0,2.3
10111,3.0,1.3
10111,4.0,360.87500000000006
10111,5.0,0.1
10111,7.0,3.5
10111,8.0,995.7
10112,2.0,0.2
10112,3.0,816.4
10112,4.0,43.4
10112,6.0,24.9
10112,7.0,2.05
10112,8.0,425.5666666666666
10112,9.0,219.10000000000002
10115,3.0,172.0
10115,5.0,352.6
10115,7.0,121.6
10115,8.0,388.27777777777777
10118,1.0,100.92
10118,2.0,40.2
10118,3.0,30.25
10118,4.0,2122.9
10118,6.0,635.3
10118,7.0,30.966666666666665
10118,8.0,34.75
10119,1.0,125.45
10119,2.0,20.53333333333333
10119,3.0,22.6
10119,4.0,871.35
10119,5.0,7.909999999999999
10119,6.0,1.2533333333333336
10119,7.0,3.2300000000000004
10119,8.0,4.083333333333333
10119,9.0,7.590000000000001
10120,1.0,5.7
10120,2.0,10.333333333333334
10120,3.0,78.93333333333334
10120,4.0,3.283333333333333
10120,5.0,841.4666666666666
10120,6.0,0.19999999999999998
10120,7.0,78.45
10120,8.0,92.75
10121,1.0,21.8
10121,2.0,159.36296296296297
10121,3.0,580.9727272727273
10121,4.0,745.8812499999999
10121,5.0,856.525
10121,6.0,697.8714285714285
10121,7.0,13.8
10121,8.0,201.82500000000002
10121,9.0,132.12307692307692
10122,2.0,0.7
10122,3.0,89.2
10122,4.0,0.0
10122,5.0,1151.45
10122,7.0,39.766666666666666
10123,1.0,6.76
10123,2.0,3.0
10123,4.0,0.1
10123,6.0,1.7
10123,7.0,6.5
10123,8.0,0.2
10123,9.0,0.65
10128,1.0,51.054201680672286
10128,2.0,95.7643805309734
10128,3.0,91.82250922509216
10128,4.0,84.69347826086955
10128,5.0,65.35505952380952
10128,6.0,177.85264423076936
10128,7.0,129.53001485884096
10128,8.0,158.9959719789842
10128,9.0,161.16834532374094
10151,1.0,2.85
10151,7.0,0.3
10151,8.0,0.26666666666666666
10151,9.0,2.25
10152,1.0,16.9
10152,2.0,22.05
10152,3.0,168.0
10152,6.0,2228.2
10152,9.0,11.4
10153,6.0,48.75
10153,7.0,65.65714285714286
10153,8.0,0.2
10154,1.0,3.1
10154,3.0,33.666666666666664
10154,6.0,757.9666666666667
10154,7.0,550.75
10154,8.0,24.9
10154,9.0,0.6
10155,1.0,4.2
10155,3.0,35.95
10155,4.0,761.05
10155,6.0,1.6
10155,8.0,0.6
10158,3.0,24.0
10158,4.0,1570.9
10158,8.0,0.1
10162,1.0,14.35
10162,3.0,10.62
10162,4.0,0.45
10162,5.0,18.5
10162,6.0,0.26666666666666666
10162,7.0,49.48571428571429
10162,8.0,27.0
10162,9.0,0.1666666666666667
10165,1.0,2.15
10165,2.0,359.075
10165,4.0,0.5333333333333333
10165,6.0,971.1
10165,7.0,64.0
10165,8.0,15.600000000000001
10166,1.0,0.4
10166,5.0,0.0
10167,7.0,2.5
10168,1.0,2.6333333333333333
10168,2.0,259.85
10168,3.0,102.35
10168,4.0,221.71666666666667
10168,5.0,1087.775
10168,6.0,0.4
10168,7.0,0.16666666666666666
10168,9.0,4.25
10169,1.0,7.811111111111111
10169,2.0,2.4027777777777777
10169,3.0,12.372500000000004
10169,4.0,18.612499999999994
10169,5.0,8.441176470588237
10169,6.0,7.276
10169,7.0,8.826530612244897
10169,8.0,12.358490566037732
10169,9.0,4.598936170212765
10170,1.0,122.0
10170,2.0,25.75
10170,4.0,0.2
10170,6.0,15.9
10170,7.0,21.9
10170,8.0,94.36363636363636
10170,9.0,0.15
10171,1.0,127.3
10171,3.0,23.3
10171,5.0,33.099999999999994
10171,9.0,22.3
10172,1.0,16.5
10172,2.0,0.0
10172,3.0,47.825
10172,7.0,143.9
10173,1.0,47.9
10173,4.0,0.4
10173,5.0,18.0
10173,7.0,9.100000000000001
10173,8.0,0.6
10173,9.0,8.5
10174,4.0,275.96666666666664
10174,5.0,0.1
10174,9.0,83.2
10175,7.0,2.0
10176,3.0,21.1
10176,4.0,232.0
10177,1.0,290.6
10177,2.0,1017.9
10177,3.0,52.85
10177,5.0,0.6
10177,6.0,0.1
10177,7.0,21.2
10177,9.0,4.6
10178,1.0,108.93333333333332
10178,6.0,324.3285714285715
10178,7.0,0.2
10178,8.0,37.25
10178,9.0,0.3
10179,2.0,42.199999999999996
10179,4.0,1354.2333333333333
10179,6.0,0.4
10271,2.0,0.4
10271,3.0,9.1
10271,4.0,1996.1000000000001
10271,5.0,1494.2
10271,6.0,4.3999999999999995
10271,7.0,3.3000000000000003
10271,8.0,0.0
10278,1.0,69.83333333333333
10278,2.0,4.2
10278,3.0,518.8000000000001
10278,4.0,12.540000000000001
10278,5.0,64.66666666666667
10278,6.0,60.0
10278,7.0,9.375
10278,8.0,12.25
10278,9.0,14.8
10279,1.0,23.508333333333336
10279,2.0,15.557142857142855
10279,3.0,722.8
10279,4.0,0.25
10279,5.0,437.64
10279,6.0,0.2
10279,7.0,7.599999999999999
10279,8.0,34.266666666666666
10279,9.0,205.45
10280,1.0,28.022499999999997
10280,2.0,42.114
10280,3.0,57.61200000000001
10280,4.0,96.125641025641
10280,5.0,90.51666666666668
10280,6.0,62.00487804878044
10280,7.0,35.809756097560964
10280,8.0,16.546938775510213
10280,9.0,96.77666666666663
10281,1.0,10.1
10281,2.0,20.7
10281,3.0,665.0999999999999
10281,4.0,653.275
10281,5.0,216.48333333333335
10281,6.0,350.32000000000005
10281,7.0,210.63333333333335
10281,8.0,43.5
10281,9.0,0.525
10282,1.0,22.348387096774204
10282,2.0,92.3625
10282,3.0,99.3157894736842
10282,4.0,49.494594594594595
10282,5.0,25.395312500000017
10282,6.0,61.84799999999999
10282,7.0,43.603333333333346
10282,8.0,45.01666666666666
10282,9.0,145.98235294117643
10301,1.0,45.13390313390309
10301,2.0,77.2593103448276
10301,3.0,61.926359832635896
10301,4.0,82.10347322720689
10301,5.0,78.5544924154024
10301,6.0,75.45054667788064
10301,7.0,112.15184135977344
10301,8.0,152.10912133891236
10301,9.0,163.58586839266454
10302,1.0,47.73803418803421
10302,2.0,63.18625429553266
10302,3.0,129.9734042553191
10302,4.0,106.36094890510952
10302,5.0,79.16452599388377
10302,6.0,94.51177730192688
10302,7.0,175.2896788990828
10302,8.0,162.74612159329155
10302,9.0,176.67024291497975
10303,1.0,41.64882943143814
10303,2.0,57.86214689265539
10303,3.0,76.60645161290323
10303,4.0,54.17828571428577
10303,5.0,88.63424369747891
10303,6.0,84.65119047619024
10303,7.0,127.94992366412204
10303,8.0,177.33772954924888
10303,9.0,133.86666666666665
10304,1.0,35.55090609555194
10304,2.0,69.27117263843651
10304,3.0,89.92189054726376
10304,4.0,71.49518828451878
10304,5.0,123.49616402116393
10304,6.0,113.98157894736867
10304,7.0,118.41678635547581
10304,8.0,167.4353191489365
10304,9.0,265.13721198156685
10305,1.0,34.558163265306106
10305,2.0,61.19349593495944
10305,3.0,71.01845493562239
10305,4.0,45.34451038575668
10305,5.0,73.97244525547428
10305,6.0,88.82753036437241
10305,7.0,94.59124700239818
10305,8.0,157.36213235294125
10305,9.0,183.89315068493167
10306,1.0,41.893984962406016
10306,2.0,51.30404551201011
10306,3.0,66.35286713286717
10306,4.0,89.34732142857126
10306,5.0,76.83885267275089
10306,6.0,69.79391675560301
10306,7.0,92.9696941612604
10306,8.0,157.2269319051263
10306,9.0,265.0995209580837
10307,1.0,61.42962962962965
10307,2.0,64.73018867924526
10307,3.0,101.40625000000003
10307,4.0,119.0958620689655
10307,5.0,67.10536585365854
10307,6.0,56.02492113564675
10307,7.0,60.462228260869594
10307,8.0,121.14183381088826
10307,9.0,163.16757990867583
10308,1.0,37.167615658363
10308,2.0,54.992638036809836
10308,3.0,94.50306122448974
10308,4.0,83.51785714285712
10308,5.0,50.86797583081571
10308,6.0,72.97460869565211
10308,7.0,54.95567226890754
10308,8.0,120.11519434628973
10308,9.0,243.87670329670317
10309,1.0,55.747577092511
10309,2.0,65.210775862069
10309,3.0,95.25047846889946
10309,4.0,78.94999999999997
10309,5.0,83.40914760914758
10309,6.0,94.40302114803626
10309,7.0,87.84546805349177
10309,8.0,155.7034438775512
10309,9.0,231.54117647058834
10310,1.0,34.85934291581109
10310,2.0,51.54897959183674
10310,3.0,71.32230769230767
10310,4.0,67.74882352941181
10310,5.0,68.44042553191494
10310,6.0,66.12927536231872
10310,7.0,92.64096045197735
10310,8.0,135.59077155824514
10310,9.0,187.15158045977006
10312,1.0,39.574715549936826
10312,2.0,52.751408450704226
10312,3.0,90.8519823788546
10312,4.0,88.6402031930333
10312,5.0,70.1568019093079
10312,6.0,98.57613005551165
10312,7.0,100.67008892481807
10312,8.0,130.1587282543494
10312,9.0,245.82294665537702
10314,1.0,38.871021611001986
10314,2.0,55.817094861660074
10314,3.0,68.45035523978684
10314,4.0,88.28739789964987
10314,5.0,91.00353053435109
10314,6.0,81.00413507925613
10314,7.0,99.3193319118691
10314,8.0,112.60603985056072
10314,9.0,193.6019914651495
10451,1.0,41.29811518324604
10451,2.0,71.15722100656451
10451,3.0,78.02888425443163
10451,4.0,87.64952919020747
10451,5.0,89.77475601821784
10451,6.0,182.23039319872305
10451,7.0,79.78952830188686
10451,8.0,99.22503863987639
10451,9.0,106.18695045359406
10452,1.0,41.73035470668488
10452,2.0,113.66277372262799
10452,3.0,101.06210400478165
10452,4.0,61.04832000000018
10452,5.0,107.98821200121635
10452,6.0,196.75886414253586
10452,7.0,86.19941697257542
10452,8.0,88.05016851227693
10452,9.0,95.13161370202228
10453,1.0,45.22844765342958
10453,2.0,101.62015355086359
10453,3.0,114.12757628094428
10453,4.0,71.43060781476119
10453,5.0,119.93819695872415
10453,6.0,152.98662447256902
10453,7.0,53.21473381930662
10453,8.0,83.70414572864264
10453,9.0,108.27180085569803
10454,1.0,44.054838709677426
10454,2.0,85.40862619808311
10454,3.0,80.08486416558861
10454,4.0,128.54188235294126
10454,5.0,115.5128348214286
10454,6.0,171.70079681274913
10454,7.0,96.45555555555563
10454,8.0,94.66995827538267
10454,9.0,124.37398015435512
10455,1.0,42.987824897400806
10455,2.0,79.93313521545316
10455,3.0,79.95148883374698
10455,4.0,62.42214111922151
10455,5.0,84.93033807829202
10455,6.0,139.3758328285892
10455,7.0,97.60335700451921
10455,8.0,102.46671554252202
10455,9.0,113.54225604297237
10456,1.0,35.23606748109362
10456,2.0,87.07925568573401
10456,3.0,89.74800218938151
10456,4.0,81.25847709696616
10456,5.0,153.73959677419188
10456,6.0,173.4846331600213
10456,7.0,99.3328023407025
10456,8.0,113.51151342554958
10456,9.0,124.65323529411785
10457,1.0,52.13955112219446
10457,2.0,75.28852149267821
10457,3.0,82.80371352785151
10457,4.0,69.34111232279199
10457,5.0,126.4082045184296
10457,6.0,136.31434799841267
10457,7.0,62.133948804029004
10457,8.0,67.11302931596023
10457,9.0,111.00269974461894
10458,1.0,44.221623465211444
10458,2.0,83.26636539703024
10458,3.0,110.89170925610459
10458,4.0,89.3250875963563
10458,5.0,136.63375060182986
10458,6.0,205.11823255813846
10458,7.0,116.20154066642789
10458,8.0,127.4183602771362
10458,9.0,99.7103042198237
10459,1.0,38.3697399527187
10459,2.0,98.30271041369471
10459,3.0,100.09732905982915
10459,4.0,101.90605738575995
10459,5.0,153.989285714286
10459,6.0,233.33123993558763
10459,7.0,153.41223755248998
10459,8.0,137.01639889196704
10459,9.0,149.53905489923568
10460,1.0,41.893040000000006
10460,2.0,73.63815226689466
10460,3.0,99.54958053691276
10460,4.0,84.1328066914498
10460,5.0,143.91459154929606
10460,6.0,196.3866642309088
10460,7.0,82.75569620253208
10460,8.0,126.21958384332913
10460,9.0,107.59391390400799
10461,1.0,39.245920138888906
10461,2.0,83.27650375939847
10461,3.0,104.4877606527652
10461,4.0,83.59124378109458
10461,5.0,130.96821599453233
10461,6.0,161.65035410764926
10461,7.0,100.56313479623853
10461,8.0,140.7893210749649
10461,9.0,174.79650468883216
10462,1.0,39.02462861610629
10462,2.0,66.78708206686933
10462,3.0,69.9813310772702
10462,4.0,67.33367983367987
10462,5.0,110.89498289623747
10462,6.0,194.77516573176874
10462,7.0,84.74006849315069
10462,8.0,105.63162251655622
10462,9.0,147.01567825494234
10463,1.0,34.13474103585657
10463,2.0,62.857350427350354
10463,3.0,79.03609022556408
10463,4.0,57.63622106049286
10463,5.0,71.84863083164306
10463,6.0,87.34872003250769
10463,7.0,74.88833333333352
10463,8.0,113.73520749665377
10463,9.0,138.77301587301565
10464,1.0,27.43018867924529
10464,2.0,39.462931034482764
10464,3.0,90.41619047619044
10464,4.0,27.962804878048782
10464,5.0,84.66570247933876
10464,6.0,101.43451327433634
10464,7.0,52.49190283400813
10464,8.0,182.66768707482976
10464,9.0,194.16025641025635
10465,1.0,32.42381635581062
10465,2.0,44.37949999999999
10465,3.0,76.74912935323376
10465,4.0,58.16095380029802
10465,5.0,73.78483754512638
10465,6.0,97.37232897770966
10465,7.0,72.4867104183757
10465,8.0,137.47648131267118
10465,9.0,125.5912393162392
10466,1.0,51.74865900383139
10466,2.0,103.018174273859
10466,3.0,83.1257359125315
10466,4.0,17.31858995676736
10466,5.0,28.789764381886435
10466,6.0,48.49076570847095
10466,7.0,30.641476720723094
10466,8.0,23.678043573461206
10466,9.0,20.46688953488391
10467,1.0,45.36862244897957
10467,2.0,104.4844583987443
10467,3.0,141.70526315789442
10467,4.0,71.7567456230691
10467,5.0,152.0715210355969
10467,6.0,231.51021680216618
10467,7.0,158.24884848484828
10467,8.0,150.41906005221875
10467,9.0,142.21939278937387
10468,1.0,45.75519323671501
10468,2.0,71.07525125628129
10468,3.0,105.15647873392716
10468,4.0,60.75714285714299
10468,5.0,104.49119451461614
10468,6.0,122.72430939226349
10468,7.0,87.11016654238144
10468,8.0,109.00022796352512
10468,9.0,101.71080977845716
10469,1.0,37.27427385892119
10469,2.0,68.53292682926835
10469,3.0,81.62502673796789
10469,4.0,94.2187499999998
10469,5.0,132.88784810126637
10469,6.0,132.70042735042796
10469,7.0,144.673763306199
10469,8.0,125.48924672489096
10469,9.0,155.9317073170731
10470,1.0,59.24483985765129
10470,2.0,107.62439024390257
10470,3.0,96.94904942965776
10470,4.0,47.00657894736836
10470,5.0,151.78799249530945
10470,6.0,136.077471636953
10470,7.0,135.87844827586207
10470,8.0,129.93054298642534
10470,9.0,148.70944881889767
10471,1.0,23.060652173913066
10471,2.0,57.08779069767436
10471,3.0,86.25264483627205
10471,4.0,65.40458715596328
10471,5.0,91.5723175965666
10471,6.0,67.18766666666664
10471,7.0,75.69544364508393
10471,8.0,93.69239332096468
10471,9.0,178.0128078817734
10472,1.0,35.31858254105447
10472,2.0,66.95825571549518
10472,3.0,85.76136183689651
10472,4.0,102.56844613918021
10472,5.0,136.00255962769103
10472,6.0,165.1961419753076
10472,7.0,86.23819173811428
10472,8.0,69.14406288787792
10472,9.0,78.69320388349514
10473,1.0,34.32055749128918
10473,2.0,56.45041617122472
10473,3.0,68.85357941834448
10473,4.0,53.95508905852415
10473,5.0,70.58226277372242
10473,6.0,82.30576832151334
10473,7.0,74.49910771191861
10473,8.0,84.09089253187625
10473,9.0,81.15608327911504
10474,1.0,42.66385964912281
10474,2.0,87.05659722222221
10474,3.0,114.63832487309637
10474,4.0,119.72366863905332
10474,5.0,120.26077441077423
10474,6.0,201.3490712074307
10474,7.0,182.73188976377958
10474,8.0,132.90574468085126
10474,9.0,137.8168888888888
10475,1.0,42.73729729729732
10475,2.0,69.40734693877553
10475,3.0,67.59479553903347
10475,4.0,68.42323651452288
10475,5.0,123.60000000000004
10475,6.0,138.90767386091125
10475,7.0,164.28688946015433
10475,8.0,140.3326829268291
10475,9.0,95.66580796252926
11001,1.0,51.99361702127659
11001,2.0,69.1
11001,3.0,85.8617021276596
11001,4.0,13.917391304347833
11001,5.0,331.9048780487805
11001,6.0,71.85925925925925
11001,7.0,94.54242424242425
11001,8.0,106.41428571428574
11001,9.0,459.6999999999998
11004,1.0,44.82530120481927
11004,2.0,65.38492063492065
11004,3.0,155.6784615384615
11004,4.0,69.87962962962962
11004,5.0,434.3882352941176
11004,6.0,151.90104712041884
11004,7.0,170.5954356846473
11004,8.0,254.82310126582286
11004,9.0,338.9692307692307
11005,1.0,25.46666666666667
11005,3.0,9.6
11005,4.0,7.9
11005,5.0,0.42000000000000004
11005,6.0,7.666666666666668
11005,7.0,106.33333333333331
11005,8.0,299.525
11005,9.0,0.5199999999999999
11040,1.0,40.525
11040,2.0,33.36153846153846
11040,3.0,101.08837209302328
11040,4.0,184.9189189189189
11040,5.0,419.9172413793104
11040,6.0,194.95957446808504
11040,7.0,90.12089552238804
11040,8.0,126.30370370370365
11040,9.0,159.09124999999995
11101,1.0,35.81190476190482
11101,2.0,47.45526537489462
11101,3.0,60.786178861788635
11101,4.0,64.53882618510154
11101,5.0,87.2266862170093
11101,6.0,55.82554707379131
11101,7.0,57.29395055234107
11101,8.0,128.11378889566856
11101,9.0,152.80590230664868
11102,1.0,35.292138939670906
11102,2.0,43.63666666666664
11102,3.0,74.79074960127588
11102,4.0,65.021533442088
11102,5.0,89.49985673352435
11102,6.0,71.89755620723354
11102,7.0,72.13764832793954
11102,8.0,139.35588235294117
11102,9.0,209.28348314606714
11103,1.0,27.852993630573252
11103,2.0,64.41393442622962
11103,3.0,54.76099585062234
11103,4.0,65.6962633451957
11103,5.0,70.8311199207134
11103,6.0,63.74628237259808
11103,7.0,60.3980611045829
11103,8.0,167.67187214611852
11103,9.0,304.4397905759162
11104,1.0,42.297234042553185
11104,2.0,89.45457413249216
11104,3.0,105.25487179487172
11104,4.0,66.51313868613141
11104,5.0,78.14687499999974
11104,6.0,58.386802030456764
11104,7.0,97.09946236559122
11104,8.0,209.9657237936775
11104,9.0,187.36089743589767
11105,1.0,37.37064220183481
11105,2.0,59.189193825042885
11105,3.0,60.187841945288696
11105,4.0,74.02442528735641
11105,5.0,73.165965583174
11105,6.0,59.951164658634504
11105,7.0,49.42029109589035
11105,8.0,158.82865731462934
11105,9.0,285.6736150234743
11106,1.0,35.916521739130445
11106,2.0,53.61919191919195
11106,3.0,71.44305772230875
11106,4.0,60.34848993288591
11106,5.0,93.98352272727267
11106,6.0,56.121484374999845
11106,7.0,112.19244306418234
11106,8.0,166.95583596214496
11106,9.0,210.05662790697713
11109,1.0,26.793333333333337
11109,2.0,126.75555555555557
11109,3.0,76.88333333333334
11109,4.0,26.649999999999995
11109,5.0,3.29274193548387
11109,6.0,7.771999999999966
11109,7.0,5.338502673796798
11109,8.0,7.470142180094789
11109,9.0,29.150714285714265
11201,1.0,32.11101494885909
11201,2.0,53.398193315266454
11201,3.0,67.40285220397574
11201,4.0,102.29896013864851
11201,5.0,96.90468975469011
11201,6.0,104.82642585551368
11201,7.0,96.12922899884964
11201,8.0,108.84183955740009
11201,9.0,125.4930441286463
11203,1.0,54.25077932731748
11203,2.0,81.56853526220615
11203,3.0,88.50059473237047
11203,4.0,73.18319502074682
11203,5.0,94.45599041533542
11203,6.0,98.13488481429282
11203,7.0,151.09359534206698
11203,8.0,148.11936127744565
11203,9.0,184.70817941952512
11204,1.0,32.008683473389354
11204,2.0,50.5819521178638
11204,3.0,76.99126984126984
11204,4.0,66.15342920353967
11204,5.0,76.62730133752942
11204,6.0,74.45649350649349
11204,7.0,115.64864677307449
11204,8.0,172.31262315270976
11204,9.0,218.39223961878855
11205,1.0,33.26957123098199
11205,2.0,62.59578207381363
11205,3.0,68.6401449275363
11205,4.0,57.0629533678757
11205,5.0,88.49484004127959
11205,6.0,166.45046728971963
11205,7.0,103.09063636363653
11205,8.0,172.1672669491526
11205,9.0,175.77284644194762
11206,1.0,34.61433389544692
11206,2.0,73.87777777777796
11206,3.0,90.92624728850316
11206,4.0,77.11795263559978
11206,5.0,69.00646594274436
11206,6.0,78.68944376776363
11206,7.0,113.96879960317477
11206,8.0,109.66467817896408
11206,9.0,144.8468403280275
11207,1.0,43.15063938618918
11207,2.0,67.38196834136275
11207,3.0,85.7377853881279
11207,4.0,74.7567423230975
11207,5.0,115.16395463510857
11207,6.0,104.5707792207796
11207,7.0,155.72421875000046
11207,8.0,149.77281869269436
11207,9.0,146.2084288052369
11208,1.0,43.08950320512812
11208,2.0,73.6767261442979
11208,3.0,68.99785020804451
11208,4.0,82.1829401088931
11208,5.0,90.44750629722904
11208,6.0,86.3114488348536
11208,7.0,105.25633491311214
11208,8.0,125.84275534441812
11208,9.0,118.32600422832967
11209,1.0,34.07175773535218
11209,2.0,58.01506751954513
11209,3.0,72.57570621468936
11209,4.0,53.203411131059276
11209,5.0,63.74313725490191
11209,6.0,114.18804086538519
11209,7.0,98.08451380552232
11209,8.0,134.82824339839286
11209,9.0,224.76648829431448
11210,1.0,58.571819137749664
11210,2.0,97.09479166666668
11210,3.0,83.37630522088367
11210,4.0,83.05377094972064
11210,5.0,75.787064676617
11210,6.0,130.01741803278688
11210,7.0,184.11437718277074
11210,8.0,174.08792240300406
11210,9.0,263.45980113636415
11211,1.0,48.307124239791506
11211,2.0,58.09205807002566
11211,3.0,79.99160000000016
11211,4.0,83.60099367660362
11211,5.0,99.17384412153262
11211,6.0,89.90492994291687
11211,7.0,118.66035472091812
11211,8.0,112.49095163806577
11211,9.0,144.17429013939082
11212,1.0,45.2469068128426
11212,2.0,72.28901785714285
11212,3.0,90.16222723852516
11212,4.0,70.73419732441465
11212,5.0,61.45779753761983
11212,6.0,158.07222464083605
11212,7.0,157.03591481122947
11212,8.0,143.59801773604622
11212,9.0,215.17864205669107
11213,1.0,49.47581818181824
11213,2.0,75.43539170506915
11213,3.0,73.49366616989558
11213,4.0,71.40454950936656
11213,5.0,72.4175291073739
11213,6.0,124.72655986509325
11213,7.0,138.84995361781054
11213,8.0,154.98942307692323
11213,9.0,161.58695913461526
11214,1.0,25.37810650887575
11214,2.0,44.808524072612464
11214,3.0,54.81096866096875
11214,4.0,76.03718070009455
11214,5.0,92.32134146341453
11214,6.0,74.95859323158635
11214,7.0,127.85923450789797
11214,8.0,128.45082742316796
11214,9.0,209.45811320754711
11215,1.0,38.037119856887244
11215,2.0,68.6804902962206
11215,3.0,78.20248618784534
11215,4.0,109.22465753424679
11215,5.0,90.76701323251442
11215,6.0,115.4135174418609
11215,7.0,140.02395309882775
11215,8.0,174.70590327169324
11215,9.0,168.52819843342044
11216,1.0,45.52155745489079
11216,2.0,80.39104072398197
11216,3.0,88.26752278376128
11216,4.0,76.49132075471715
11216,5.0,73.17377892030842
11216,6.0,105.1557929724597
11216,7.0,153.56051059206973
11216,8.0,128.15305343511451
11216,9.0,155.66481670061083
11217,1.0,34.32430232558143
11217,2.0,64.5138107416879
11217,3.0,70.8984651711924
11217,4.0,95.81366906474804
11217,5.0,129.28625592417114
11217,6.0,83.41003952569154
11217,7.0,143.75582222222232
11217,8.0,169.3565913370998
11217,9.0,182.59262536873183
11218,1.0,42.94210037174718
11218,2.0,66.66295180722895
11218,3.0,86.50445969125218
11218,4.0,71.44245283018874
11218,5.0,76.91702657807298
11218,6.0,102.61236923076973
11218,7.0,139.243370944993
11218,8.0,159.48976744186064
11218,9.0,187.56044568245153
11219,1.0,46.00822784810124
11219,2.0,67.44710947109469
11219,3.0,96.75677966101685
11219,4.0,75.77433526011559
11219,5.0,89.54723061430012
11219,6.0,106.25655070318324
11219,7.0,130.30706742485788
11219,8.0,137.2913445378151
11219,9.0,151.32059748427682
11220,1.0,31.7069444444445
11220,2.0,64.77377819548867
11220,3.0,69.00118389897396
11220,4.0,109.90050864699892
11220,5.0,89.28097705403398
11220,6.0,76.83250564334107
11220,7.0,84.47307268722481
11220,8.0,109.34531250000006
11220,9.0,161.39191856878486
11221,1.0,40.2307994757536
11221,2.0,68.14756944444441
11221,3.0,82.37013221153845
11221,4.0,61.68665803108823
11221,5.0,43.56020015396464
11221,6.0,95.23968253968329
11221,7.0,127.85992272567564
11221,8.0,114.2946002076846
11221,9.0,118.56637898686658
11222,1.0,45.54371794871795
11222,2.0,70.23497997329778
11222,3.0,100.52924187725642
11222,4.0,74.51560624249713
11222,5.0,59.399918300653496
11222,6.0,78.92778497409348
11222,7.0,161.7056842105268
11222,8.0,106.68224465558191
11222,9.0,149.20172543135808
11223,1.0,36.43675496688741
11223,2.0,51.76208930075812
11223,3.0,79.88530161427366
11223,4.0,83.12672605790627
11223,5.0,93.11728172817296
11223,6.0,98.45145348837242
11223,7.0,170.49512362637367
11223,8.0,172.59012187299567
11223,9.0,240.51013422818784
11224,1.0,47.73404255319149
11224,2.0,52.03123123123124
11224,3.0,66.26704805491995
11224,4.0,65.1562118126273
11224,5.0,75.13387622149831
11224,6.0,80.76173361522173
11224,7.0,102.69938650306759
11224,8.0,122.34410994764409
11224,9.0,169.27661596958197
11225,1.0,37.92687353629978
11225,2.0,80.47998331943296
11225,3.0,72.7003328894807
11225,4.0,55.33268101761257
11225,5.0,82.23547854785497
11225,6.0,101.60879662209771
11225,7.0,194.2971891376841
11225,8.0,139.18642714570865
11225,9.0,113.80369989722536
11226,1.0,46.82570009033418
11226,2.0,79.34462540716609
11226,3.0,69.84068181818182
11226,4.0,46.78587051618537
11226,5.0,70.37025834908601
11226,6.0,83.01433490395024
11226,7.0,199.72270053475955
11226,8.0,163.26494233937353
11226,9.0,147.83116413593638
11228,1.0,25.746666666666652
11228,2.0,61.19007490636704
11228,3.0,103.04478632478629
11228,4.0,86.79319999999996
11228,5.0,76.8057182705716
11228,6.0,50.864642507345565
11228,7.0,135.57685185185187
11228,8.0,150.96131386861344
11228,9.0,206.74534534534556
11229,1.0,44.50556127703388
11229,2.0,65.99315476190469
11229,3.0,72.82849740932645
11229,4.0,97.46434511434524
11229,5.0,86.72843723313427
11229,6.0,106.64143980641325
11229,7.0,219.8160607704824
11229,8.0,159.02310734463322
11229,9.0,233.7269340974215
11230,1.0,45.0558671586716
11230,2.0,63.41624521072796
11230,3.0,83.6553267045455
11230,4.0,73.7461857379768
11230,5.0,78.64930769230776
11230,6.0,135.1796766743648
11230,7.0,177.9031163049528
11230,8.0,213.3437863564249
11230,9.0,264.33176680547297
11231,1.0,42.93613013698635
11231,2.0,66.94011406844113
11231,3.0,67.1713043478261
11231,4.0,82.95663265306126
11231,5.0,84.3394601542417
11231,6.0,174.49442622950806
11231,7.0,131.483828045036
11231,8.0,124.49137931034491
11231,9.0,207.56151960784305
11232,1.0,37.2101160862355
11232,2.0,65.02394636015329
11232,3.0,72.69684014869885
11232,4.0,64.99248927038623
11232,5.0,61.755098389982045
11232,6.0,139.526297577855
11232,7.0,106.326339969372
11232,8.0,122.25824324324343
11232,9.0,126.32322670375528
11233,1.0,47.18092334494772
11233,2.0,81.59962651727356
11233,3.0,90.38635294117665
11233,4.0,94.68663461538466
11233,5.0,78.38155583437896
11233,6.0,146.98093556928535
11233,7.0,149.58161512027493
11233,8.0,130.19762150982422
11233,9.0,188.77334905660382
11234,1.0,101.78610846812555
11234,2.0,222.95159106296572
11234,3.0,117.55173192771109
11234,4.0,126.10243427458619
11234,5.0,78.99451338994126
11234,6.0,74.10708884688103
11234,7.0,114.48134592680042
11234,8.0,148.59133256968303
11234,9.0,285.3132258064521
11235,1.0,44.220909090909075
11235,2.0,66.07815384615378
11235,3.0,80.3162052117265
11235,4.0,77.5935384615386
11235,5.0,94.62548231511302
11235,6.0,87.71889483066003
11235,7.0,139.37137055837542
11235,8.0,198.35610448608765
11235,9.0,244.33973607038098
11236,1.0,46.32248888888881
11236,2.0,65.16578034682088
11236,3.0,86.9384895359417
11236,4.0,98.77419768934516
11236,5.0,77.66178637200728
11236,6.0,90.23588581785292
11236,7.0,119.48429473684223
11236,8.0,127.5379543834638
11236,9.0,181.67758620689645
11237,1.0,49.297566137566136
11237,2.0,97.53683673469402
11237,3.0,92.76103448275867
11237,4.0,89.43919678714863
11237,5.0,75.39591078066938
11237,6.0,91.1922562141499
11237,7.0,146.7442369263609
11237,8.0,105.97608363080084
11237,9.0,114.84536199095052
11238,1.0,39.91326530612248
11238,2.0,52.68844301765648
11238,3.0,68.86364838070055
11238,4.0,81.0846730975348
11238,5.0,108.99237499999985
11238,6.0,90.19566170026333
11238,7.0,124.56090964966222
11238,8.0,154.9530393325392
11238,9.0,118.7962477665278
11239,1.0,52.17882352941179
11239,2.0,67.21532258064519
11239,3.0,40.733766233766225
11239,4.0,67.6722543352601
11239,5.0,95.67945205479448
11239,6.0,60.74669421487609
11239,7.0,146.68895027624305
11239,8.0,179.67134670487107
11239,9.0,146.6690677966102
11241,3.0,15.785714285714286
11241,4.0,9.916666666666668
11241,5.0,65.6
11241,6.0,73.0
11241,7.0,23.5
11241,8.0,47.7
11242,1.0,21.8
11242,2.0,25.0
11242,6.0,348.50000000000006
11242,7.0,680.1500000000001
11249,1.0,39.288912133891266
11249,2.0,83.03847874720354
11249,3.0,75.75462794918333
11249,4.0,47.32123385939732
11249,5.0,51.92216599190278
11249,6.0,42.64991423670657
11249,7.0,75.69105534105542
11249,8.0,97.4079151943465
11249,9.0,148.60241090146755
11251,2.0,3.8
11251,3.0,1.1
11251,4.0,1.2999999999999998
11251,5.0,743.4333333333333
11251,9.0,120.9
11354,1.0,44.67154811715482
11354,2.0,70.8585152838427
11354,3.0,72.47717717717724
11354,4.0,98.67438162544157
11354,5.0,102.50176151761517
11354,6.0,109.6906132665832
11354,7.0,239.52214285714285
11354,8.0,203.67768361581952
11354,9.0,300.44569696969717
11355,1.0,40.49346846846845
11355,2.0,61.28229665071773
11355,3.0,79.85508571428565
11355,4.0,90.16886446886451
11355,5.0,117.48025210084029
11355,6.0,136.82185686653833
11355,7.0,161.87792338709707
11355,8.0,257.99935846030473
11355,9.0,273.7261201143945
11356,1.0,22.136695652173906
11356,2.0,40.1956953642384
11356,3.0,47.67851562499997
11356,4.0,79.19516539440208
11356,5.0,82.73343605546987
11356,6.0,68.35377483443695
11356,7.0,176.6375886524821
11356,8.0,146.9482401656315
11356,9.0,282.7134680134682
11357,1.0,30.848496993987983
11357,2.0,65.92195121951207
11357,3.0,91.60670498084275
11357,4.0,111.81323210412151
11357,5.0,115.08736176935226
11357,6.0,86.09159090909077
11357,7.0,173.25569155446763
11357,8.0,181.96604361370726
11357,9.0,300.81414581066383
11358,1.0,25.84615384615387
11358,2.0,54.20815533980569
11358,3.0,96.96023391812868
11358,4.0,75.90153061224494
11358,5.0,100.21203125000011
11358,6.0,140.45171467764067
11358,7.0,138.30410183875532
11358,8.0,210.4872502378686
11358,9.0,325.0064655172413
11359,1.0,0.0
11359,4.0,1.4235294117647062
11359,5.0,81.88
11359,6.0,4.216666666666667
11359,7.0,748.9599999999999
11359,8.0,51.833333333333336
11359,9.0,15.5
11360,1.0,30.674342105263147
11360,2.0,74.19439999999999
11360,3.0,95.02066115702483
11360,4.0,44.42709163346614
11360,5.0,82.2454545454545
11360,6.0,154.1405405405406
11360,7.0,362.27095588235255
11360,8.0,164.26561514195592
11360,9.0,655.2703703703706
11361,1.0,43.33967136150233
11361,2.0,73.1063888888889
11361,3.0,69.01347150259073
11361,4.0,122.49179104477614
11361,5.0,159.52059553349872
11361,6.0,120.99213709677409
11361,7.0,160.09296740994859
11361,8.0,184.2451156812338
11361,9.0,374.2100884955753
11362,1.0,45.53757225433525
11362,2.0,92.10426829268295
11362,3.0,84.76529411764704
11362,4.0,156.6666666666666
11362,5.0,222.5155000000001
11362,6.0,111.46902654867253
11362,7.0,203.95954198473294
11362,8.0,213.1288311688312
11362,9.0,396.4347517730497
11363,1.0,48.224489795918366
11363,2.0,67.59195402298849
11363,3.0,89.44166666666662
11363,4.0,212.6563106796118
11363,5.0,183.55882352941182
11363,6.0,250.85648854961835
11363,7.0,453.2609271523177
11363,8.0,182.4652360515021
11363,9.0,813.851308900524
11364,1.0,49.53679775280897
11364,2.0,75.38449848024324
11364,3.0,102.79297658862878
11364,4.0,124.999209486166
11364,5.0,169.30965909090926
11364,6.0,98.28253968253968
11364,7.0,203.13966942148787
11364,8.0,177.23671742808796
11364,9.0,333.0550000000001
11365,1.0,30.57825203252032
11365,2.0,52.01987951807222
11365,3.0,66.20932896890336
11365,4.0,69.7285996055226
11365,5.0,79.96750902527059
11365,6.0,106.88718954248337
11365,7.0,115.91867007672649
11365,8.0,125.47163841807912
11365,9.0,242.80276110444208
11366,1.0,14.108641975308656
11366,2.0,24.61107078039932
11366,3.0,32.40374149659866
11366,4.0,37.34250000000006
11366,5.0,25.4388059701494
11366,6.0,33.458598130840954
11366,7.0,86.35843023255866
11366,8.0,49.19030982201696
11366,9.0,86.16658354114742
11367,1.0,40.96552567237165
11367,2.0,122.0311688311688
11367,3.0,85.11229166666658
11367,4.0,123.29630681818193
11367,5.0,98.24858870967732
11367,6.0,83.84204152249134
11367,7.0,71.55488454706926
11367,8.0,191.82801556420256
11367,9.0,299.08590604026847
11368,1.0,25.11678599840888
11368,2.0,53.11165755919855
11368,3.0,58.63543046357608
11368,4.0,52.97738336713999
11368,5.0,64.82376350198994
11368,6.0,56.938565022421805
11368,7.0,90.63103614457862
11368,8.0,91.11644736842155
11368,9.0,162.9278059071728
11369,1.0,29.448856548856558
11369,2.0,59.186128364389205
11369,3.0,85.38681818181821
11369,4.0,225.05613496932548
11369,5.0,152.3817518248175
11369,6.0,111.54474074074069
11369,7.0,53.87586206896548
11369,8.0,138.50611854684524
11369,9.0,168.19206161137458
11370,1.0,28.583972125435555
11370,2.0,46.682119205298065
11370,3.0,78.50972972972974
11370,4.0,118.19967105263157
11370,5.0,122.68419753086411
11370,6.0,52.56629834254137
11370,7.0,77.29096989966534
11370,8.0,134.87073825503376
11370,9.0,182.770668953688
11371,1.0,61.59999999999999
11371,2.0,12.2
11371,3.0,0.0
11371,4.0,4.8
11371,5.0,504.7
11371,6.0,271.225
11371,8.0,53.86666666666667
11371,9.0,787.8
11372,1.0,42.6249382716049
11372,2.0,71.80620384047265
11372,3.0,76.18029350104813
11372,4.0,72.13245192307703
11372,5.0,55.217209690893874
11372,6.0,80.9631131458471
11372,7.0,46.59295854628059
11372,8.0,173.12356396866878
11372,9.0,201.03452477660454
11373,1.0,33.5717089125102
11373,2.0,60.80513259195891
11373,3.0,78.54257871064469
11373,4.0,80.86367088607605
11373,5.0,69.32733067729075
11373,6.0,78.75990063875119
11373,7.0,83.00601454064778
11373,8.0,121.39372171945736
11373,9.0,264.57115177610257
11374,1.0,37.15788590604025
11374,2.0,63.29694041867962
11374,3.0,70.38919308357353
11374,4.0,69.63929273084489
11374,5.0,122.11760461760448
11374,6.0,96.25501567398103
11374,7.0,139.2948016415869
11374,8.0,171.90335403726692
11374,9.0,232.20437756497972
11375,1.0,46.070143415906095
11375,2.0,76.3726415094339
11375,3.0,87.68275462962971
11375,4.0,92.93204419889497
11375,5.0,83.77653508771915
11375,6.0,79.13135371179025
11375,7.0,140.43672014260264
11375,8.0,167.41310441485643
11375,9.0,268.85802281368785
11377,1.0,32.35610328638494
11377,2.0,68.22770522388056
11377,3.0,67.47309734513271
11377,4.0,69.31578458681514
11377,5.0,85.23773708306148
11377,6.0,65.60657095527391
11377,7.0,56.29563986409966
11377,8.0,117.09276257722904
11377,9.0,178.82684674751877
11378,1.0,20.046858359957394
11378,2.0,47.61825221238935
11378,3.0,57.136161879895496
11378,4.0,68.95645161290334
11378,5.0,108.09259708737872
11378,6.0,75.44953007518788
11378,7.0,68.04115523465696
11378,8.0,136.72310725552046
11378,9.0,269.3719999999999
11379,1.0,24.434550989345507
11379,2.0,54.03038869257949
11379,3.0,70.61761565836302
11379,4.0,93.29626168224301
11379,5.0,69.93155619596546
11379,6.0,113.36789340101512
11379,7.0,99.41980906921238
11379,8.0,110.52354048964214
11379,9.0,319.54085903083694
11385,1.0,30.34566869300903
11385,2.0,48.52666950233947
11385,3.0,54.557829099307256
11385,4.0,53.4595202398805
11385,5.0,76.62928769018053
11385,6.0,88.21803122013412
11385,7.0,90.22053648687613
11385,8.0,113.55577447711404
11385,9.0,193.48387741505658
11411,1.0,43.89570312499999
11411,2.0,74.83655462184873
11411,3.0,74.74131274131275
11411,4.0,66.63967391304344
11411,5.0,168.13568773234184
11411,6.0,81.16196473551634
11411,7.0,62.367019027484126
11411,8.0,166.6883333333335
11411,9.0,213.96704805491999
11412,1.0,41.85548654244311
11412,2.0,68.96234817813766
11412,3.0,90.88564814814818
11412,4.0,124.91559139784948
11412,5.0,86.08601532567053
11412,6.0,115.10041972717741
11412,7.0,145.32778390297696
11412,8.0,157.94277056277076
11412,9.0,312.61391304347836
11413,1.0,38.34836363636364
11413,2.0,63.40237623762378
11413,3.0,87.83849206349208
11413,4.0,127.48525073746305
11413,5.0,198.65073068893523
11413,6.0,72.13620309050759
11413,7.0,97.96313686313705
11413,8.0,120.69150865622419
11413,9.0,278.88158995815905
11414,1.0,34.33925501432663
11414,2.0,81.38835616438367
11414,3.0,61.68807947019867
11414,4.0,95.98605341246288
11414,5.0,132.982409638554
11414,6.0,60.643069306930656
11414,7.0,68.71311475409826
11414,8.0,149.8937273823884
11414,9.0,216.6793738489873
11415,1.0,39.0241758241759
11415,2.0,90.89246575342466
11415,3.0,94.61723163841802
11415,4.0,32.5196911196911
11415,5.0,38.18909090909092
11415,6.0,91.32318840579705
11415,7.0,120.46501547987617
11415,8.0,197.12286995515709
11415,9.0,360.46826722338176
11416,1.0,35.615187376725835
11416,2.0,69.77170329670328
11416,3.0,45.092040816326545
11416,4.0,59.3512578616352
11416,5.0,99.01818181818179
11416,6.0,52.4163434903047
11416,7.0,43.70584329349273
11416,8.0,137.39162248144223
11416,9.0,187.82306791569073
11417,1.0,26.6198717948718
11417,2.0,49.11763727121464
11417,3.0,62.93418467583497
11417,4.0,143.57925072046135
11417,5.0,114.28188512518419
11417,6.0,44.62610030706235
11417,7.0,92.44524524524527
11417,8.0,175.00434120335126
11417,9.0,186.91563367252553
11418,1.0,39.695711835334485
11418,2.0,84.60016722408028
11418,3.0,62.47883755588674
11418,4.0,67.15156249999998
11418,5.0,130.02864583333326
11418,6.0,84.56692392502738
11418,7.0,78.13951165371802
11418,8.0,173.46216814159288
11418,9.0,244.63064516129054
11419,1.0,28.99261430246191
11419,2.0,46.20011376564272
11419,3.0,46.13178807947025
11419,4.0,89.16858638743457
11419,5.0,101.24761467889941
11419,6.0,62.027278731836326
11419,7.0,35.45785619174422
11419,8.0,138.88514401212777
11419,9.0,159.49739952718696
11420,1.0,24.70174496644295
11420,2.0,46.357675753228115
11420,3.0,57.83806451612909
11420,4.0,111.5802281368819
11420,5.0,140.3880851063833
11420,6.0,71.8196949602126
11420,7.0,47.28239528795818
11420,8.0,145.23336678374346
11420,9.0,241.0168666666667
11421,1.0,26.550339213025758
11421,2.0,56.49836309523812
11421,3.0,95.91621936989488
11421,4.0,66.79039039039041
11421,5.0,83.92061068702287
11421,6.0,127.81367346938815
11421,7.0,35.7031207598371
11421,8.0,118.06525529265268
11421,9.0,167.25679099225906
11422,1.0,41.335313531353144
11422,2.0,70.34610169491529
11422,3.0,67.10269360269363
11422,4.0,129.9526315789474
11422,5.0,155.57655786350156
11422,6.0,91.04644128113875
11422,7.0,69.35704419889504
11422,8.0,154.55421836228288
11422,9.0,257.8131147540981
11423,1.0,32.05205479452054
11423,2.0,67.42697547683927
11423,3.0,87.83313953488374
11423,4.0,115.98472906403941
11423,5.0,102.86219780219794
11423,6.0,114.75509259259253
11423,7.0,112.64059701492536
11423,8.0,142.2801063829787
11423,9.0,232.0015479876161
11426,1.0,42.7375
11426,2.0,91.83567251461993
11426,3.0,111.86618357487927
11426,4.0,107.9221428571429
11426,5.0,223.11572052401752
11426,6.0,172.4078616352201
11426,7.0,157.27191780821917
11426,8.0,184.18230912476744
11426,9.0,326.474267100977
11427,1.0,46.73468013468015
11427,2.0,79.3041095890411
11427,3.0,90.94476987447699
11427,4.0,180.40000000000012
11427,5.0,124.54880952380962
11427,6.0,169.0717948717949
11427,7.0,83.75726744186049
11427,8.0,202.36582524271853
11427,9.0,350.8986631016043
11428,1.0,30.724505928853763
11428,2.0,52.85561224489797
11428,3.0,53.93180076628352
11428,4.0,51.289090909090895
11428,5.0,245.1868131868132
11428,6.0,154.66878172588818
11428,7.0,147.41293859649105
11428,8.0,168.09415929203533
11428,9.0,336.87500000000034
11429,1.0,37.25894039735096
11429,2.0,85.06947368421048
11429,3.0,67.37037037037037
11429,4.0,78.61052631578946
11429,5.0,118.49850187265919
11429,6.0,76.48687943262397
11429,7.0,70.12407732864668
11429,8.0,141.45029069767435
11429,9.0,238.59488536155237
11430,1.0,36.11870503597122
11430,2.0,279.1385185185183
11430,3.0,530.0898148148148
11430,4.0,1289.1703703703713
11430,5.0,1625.6950819672131
11430,6.0,1278.7811320754718
11430,7.0,141.834375
11430,8.0,173.32999999999998
11430,9.0,494.63235294117646
11432,1.0,38.963157894736824
11432,2.0,68.18893333333335
11432,3.0,94.5126463700235
11432,4.0,114.13945578231285
11432,5.0,128.68767567567582
11432,6.0,84.89058031959628
11432,7.0,83.32521676300593
11432,8.0,150.96916565900884
11432,9.0,266.54341563785977
11433,1.0,34.980540540540545
11433,2.0,55.70465517241382
11433,3.0,64.30152671755728
11433,4.0,100.05612745098043
11433,5.0,129.04856733524358
11433,6.0,81.32048643592148
11433,7.0,132.05799835931097
11433,8.0,135.05698027314105
11433,9.0,195.51054451166814
11434,1.0,36.08073136427571
11434,2.0,81.17918367346935
11434,3.0,77.22421686746986
11434,4.0,104.31899109792276
11434,5.0,108.70598194130926
11434,6.0,90.61766809728209
11434,7.0,138.20086149768062
11434,8.0,137.2858009708737
11434,9.0,300.70679219905844
11435,1.0,39.2179487179487
11435,2.0,57.669493670886084
11435,3.0,87.4028290282902
11435,4.0,65.68482428115018
11435,5.0,92.4790862944165
11435,6.0,76.27565485362119
11435,7.0,84.21488000000025
11435,8.0,130.88617666891443
11435,9.0,262.64916247906194
11436,1.0,39.47758620689659
11436,2.0,54.14308681672027
11436,3.0,56.98302469135801
11436,4.0,92.97434554973825
11436,5.0,113.15052083333332
11436,6.0,95.76984924623113
11436,7.0,139.00197368421044
11436,8.0,131.25838020247454
11436,9.0,225.36411856474268
11691,1.0,43.422054794520584
11691,2.0,77.131982633864
11691,3.0,109.80883838383835
11691,4.0,91.34511149228135
11691,5.0,106.43513174404019
11691,6.0,154.6049877350777
11691,7.0,143.47199999999992
11691,8.0,215.9652968036531
11691,9.0,461.7925293489857
11692,1.0,42.19257641921398
11692,2.0,72.6565217391304
11692,3.0,91.27835497835497
11692,4.0,78.49292929292929
11692,5.0,160.80401459854022
11692,6.0,146.7647540983608
11692,7.0,67.30904522613072
11692,8.0,207.75251396648042
11692,9.0,733.835668789809
11693,1.0,52.87028985507247
11693,2.0,49.41538461538459
11693,3.0,57.42577319587628
11693,4.0,64.18362573099417
11693,5.0,47.31115702479337
11693,6.0,50.71080402010054
11693,7.0,88.7911070780397
11693,8.0,161.64932432432443
11693,9.0,250.73917197452235
11694,1.0,41.46576271186442
11694,2.0,107.3222222222223
11694,3.0,113.63914728682177
11694,4.0,105.9565916398713
11694,5.0,80.06966911764704
11694,6.0,62.77148337595904
11694,7.0,46.46989473684204
11694,8.0,90.04698646986475
11694,9.0,242.71083844580792
11695,1.0,11.35
11695,4.0,45.00000000000001
11695,5.0,418.2428571428572
11695,6.0,12.9
11695,7.0,3.3666666666666667
11695,8.0,23.0
11695,9.0,16.4
11697,1.0,263.15
11697,2.0,299.6333333333333
11697,3.0,16.240000000000002
11697,4.0,21.900000000000002
11697,5.0,159.54545454545456
11697,6.0,71.44137931034481
11697,7.0,72.27307692307691
11697,8.0,198.2740740740741
11697,9.0,201.35263157894732
12345,1.0,2.2500000000000004
12345,2.0,18.6
12345,3.0,5.375
12345,5.0,0.6
12345,6.0,0.16
12345,7.0,323.72499999999997
12345,8.0,0.625
12345,9.0,1.02
